-0.6589,-2.0182,-19.381233126,-8.0018,-6.8972,49.4585,2018-01-19 06:15:12.451Z,Ax = -0.0054	Ay = -0.0145	Az = -0.2764	ypr = (49.4585   -6.8972   -8.0018)
-0.5319,-1.8549,-19.541367818,-8.9461,-6.6029,48.9437,2018-01-19 06:15:12.547Z,Ax = -0.0078	Ay = -0.0219	Az = -0.2779	ypr = (48.9437   -6.6029   -8.9461)
-0.4647,-1.7465,-19.630204920,-9.5829,-5.9613,48.4568,2018-01-19 06:15:12.644Z,Ax = -0.0086	Ay = -0.0307	Az = -0.2776	ypr = (48.4568   -5.9613   -9.5829)
-0.3686,-1.6509,-19.578509407,-9.9983,-5.5908,48.1274,2018-01-19 06:15:12.748Z,Ax = -0.0064	Ay = -0.0286	Az = -0.2778	ypr = (48.1274   -5.5908   -9.9983)
-0.4702,-1.3709,-19.420540968,-10.3515,-4.8949,47.9471,2018-01-19 06:15:12.846Z,Ax = -0.0057	Ay = -0.0209	Az = -0.2774	ypr = (47.9471   -4.8949   -10.3515)
-0.5002,-1.3009,-19.355249707,-10.8829,-4.2438,47.6984,2018-01-19 06:15:12.946Z,Ax = -0.0063	Ay = -0.0181	Az = -0.2759	ypr = (47.6984   -4.2438   -10.8829)
-0.5304,-1.1414,-19.567666409,-11.3712,-3.8476,47.6989,2018-01-19 06:15:13.044Z,Ax = -0.0075	Ay = -0.0168	Az = -0.2761	ypr = (47.6989   -3.8476   -11.3712)
-0.4424,-1.1035,-19.844017477,-11.9001,-3.6812,47.6062,2018-01-19 06:15:13.146Z,Ax = -0.0071	Ay = -0.0158	Az = -0.2791	ypr = (47.6062   -3.6812   -11.9001)
-0.3325,-1.0215,-19.498958944,-12.2550,-3.4742,47.3806,2018-01-19 06:15:13.246Z,Ax = -0.0057	Ay = -0.0145	Az = -0.2792	ypr = (47.3806   -3.4742   -12.2550)
-0.4210,-0.9559,-19.569889802,-12.5202,-3.2935,47.3884,2018-01-19 06:15:13.346Z,Ax = -0.0054	Ay = -0.0138	Az = -0.2792	ypr = (47.3884   -3.2935   -12.5202)
-0.3063,-0.8745,-19.735183419,-12.9340,-3.0888,47.3402,2018-01-19 06:15:13.444Z,Ax = -0.0046	Ay = -0.0129	Az = -0.2787	ypr = (47.3402   -3.0888   -12.9340)
-0.2892,-0.7877,-19.577359219,-13.1214,-2.8958,47.3394,2018-01-19 06:15:13.548Z,Ax = -0.0044	Ay = -0.0117	Az = -0.2783	ypr = (47.3394   -2.8958   -13.1214)
-0.2988,-0.7421,-19.544497605,-13.4255,-2.6686,47.3134,2018-01-19 06:15:13.647Z,Ax = -0.0041	Ay = -0.0107	Az = -0.2786	ypr = (47.3134   -2.6686   -13.4255)
-0.3025,-0.6900,-19.649954791,-13.6626,-2.5246,47.3610,2018-01-19 06:15:13.747Z,Ax = -0.0040	Ay = -0.0099	Az = -0.2786	ypr = (47.3610   -2.5246   -13.6626)
-0.2685,-0.6142,-19.679628889,-13.8080,-2.3531,47.2777,2018-01-19 06:15:13.846Z,Ax = -0.0040	Ay = -0.0091	Az = -0.2787	ypr = (47.2777   -2.3531   -13.8080)
-0.2849,-0.5805,-19.640049789,-13.8607,-2.1468,47.2221,2018-01-19 06:15:13.943Z,Ax = -0.0041	Ay = -0.0084	Az = -0.2793	ypr = (47.2221   -2.1468   -13.8607)
-0.3180,-0.6015,-19.776888462,-14.2033,-2.0195,47.1374,2018-01-19 06:15:14.044Z,Ax = -0.0042	Ay = -0.0082	Az = -0.2804	ypr = (47.1374   -2.0195   -14.2033)
-0.2508,-0.6069,-19.632601955,-14.3227,-1.9397,46.9395,2018-01-19 06:15:14.144Z,Ax = -0.0039	Ay = -0.0083	Az = -0.2796	ypr = (46.9395   -1.9397   -14.3227)
-0.2500,-0.5335,-19.561132399,-14.5110,-1.9418,46.8963,2018-01-19 06:15:14.246Z,Ax = -0.0038	Ay = -0.0081	Az = -0.2788	ypr = (46.8963   -1.9418   -14.5110)
-0.2519,-0.4705,-19.580983321,-14.7731,-1.7564,46.8467,2018-01-19 06:15:14.344Z,Ax = -0.0035	Ay = -0.0073	Az = -0.2780	ypr = (46.8467   -1.7564   -14.7731)
-0.2048,-0.5088,-19.538895844,-14.8475,-1.7292,46.8195,2018-01-19 06:15:14.445Z,Ax = -0.0031	Ay = -0.0069	Az = -0.2774	ypr = (46.8195   -1.7292   -14.8475)
-0.1836,-0.5035,-19.575782985,-14.9225,-1.6830,46.8822,2018-01-19 06:15:14.545Z,Ax = -0.0028	Ay = -0.0068	Az = -0.2778	ypr = (46.8822   -1.6830   -14.9225)
-0.1282,-0.4742,-19.620511443,-15.0404,-1.5551,46.8817,2018-01-19 06:15:14.646Z,Ax = -0.0022	Ay = -0.0069	Az = -0.2783	ypr = (46.8817   -1.5551   -15.0404)
-0.2299,-0.4204,-19.835521039,-15.2489,-1.3193,46.8531,2018-01-19 06:15:14.748Z,Ax = -0.0025	Ay = -0.0065	Az = -0.2803	ypr = (46.8531   -1.3193   -15.2489)
-0.2195,-0.2321,-19.739848449,-15.2676,-1.1906,46.9387,2018-01-19 06:15:14.845Z,Ax = -0.0028	Ay = -0.0046	Az = -0.2808	ypr = (46.9387   -1.1906   -15.2676)
-0.0827,-0.3443,-20.431156098,-15.0071,-1.2772,46.9027,2018-01-19 06:15:14.947Z,Ax = -0.0023	Ay = -0.0043	Az = -0.2863	ypr = (46.9027   -1.2772   -15.0071)
-0.2396,-0.3681,-20.029878592,-14.4235,-1.1670,47.0177,2018-01-19 06:15:15.044Z,Ax = -0.0028	Ay = -0.0043	Az = -0.2861	ypr = (47.0177   -1.1670   -14.4235)
-0.5961,-0.1633,-19.686026859,-14.0558,-0.1865,47.4809,2018-01-19 06:15:15.146Z,Ax = -0.0054	Ay = -0.0036	Az = -0.2841	ypr = (47.4809   -0.1865   -14.0558)
-0.5983,-0.2869,-19.276536748,-13.7476,-0.0676,47.8622,2018-01-19 06:15:15.243Z,Ax = -0.0079	Ay = -0.0039	Az = -0.2775	ypr = (47.8622   -0.0676   -13.7476)
-0.2020,-0.1473,-19.725456970,-14.0823,-1.3850,47.8056,2018-01-19 06:15:15.345Z,Ax = -0.0067	Ay = -0.0024	Az = -0.2763	ypr = (47.8056   -1.3850   -14.0823)
-0.1186,-0.4491,-19.894899774,-13.4399,-1.9078,47.4012,2018-01-19 06:15:15.446Z,Ax = -0.0037	Ay = -0.0045	Az = -0.2788	ypr = (47.4012   -1.9078   -13.4399)
-0.3012,-0.5417,-19.165845426,-12.5656,-1.2736,47.3367,2018-01-19 06:15:15.549Z,Ax = -0.0022	Ay = -0.0064	Az = -0.2773	ypr = (47.3367   -1.2736   -12.5656)
-0.2385,-0.3158,-19.212784550,-11.8143,-0.4137,47.2149,2018-01-19 06:15:15.644Z,Ax = -0.0024	Ay = -0.0064	Az = -0.2753	ypr = (47.2149   -0.4137   -11.8143)
-0.1900,-0.1700,-19.458445891,-11.4332,-0.6394,47.3750,2018-01-19 06:15:15.744Z,Ax = -0.0035	Ay = -0.0045	Az = -0.2732	ypr = (47.3750   -0.6394   -11.4332)
-0.2168,-0.1204,-19.223986284,-11.4844,-0.6979,47.3810,2018-01-19 06:15:15.849Z,Ax = -0.0033	Ay = -0.0020	Az = -0.2727	ypr = (47.3810   -0.6979   -11.4844)
-0.0286,-0.1981,-19.827591851,-11.4609,-1.3261,46.5732,2018-01-19 06:15:15.945Z,Ax = -0.0013	Ay = -0.0015	Az = -0.2787	ypr = (46.5732   -1.3261   -11.4609)
-0.0360,-0.0868,-19.412918786,-11.0438,-1.0945,46.4083,2018-01-19 06:15:16.046Z,Ax = -0.0007	Ay = -0.0015	Az = -0.2777	ypr = (46.4083   -1.0945   -11.0438)
-0.1513,-0.1178,-19.488270198,-10.5804,-0.9689,46.2965,2018-01-19 06:15:16.148Z,Ax = -0.0010	Ay = -0.0019	Az = -0.2779	ypr = (46.2965   -0.9689   -10.5804)
-0.2850,-0.0827,-19.557332811,-10.2879,-0.7844,45.9474,2018-01-19 06:15:16.245Z,Ax = -0.0027	Ay = -0.0012	Az = -0.2772	ypr = (45.9474   -0.7844   -10.2879)
-0.4138,-0.0819,-19.764363809,-10.0057,-0.2882,45.8811,2018-01-19 06:15:16.346Z,Ax = -0.0050	Ay = -0.0011	Az = -0.2788	ypr = (45.8811   -0.2882   -10.0057)
-0.1727,-0.0973,-19.691743311,-9.7673,-0.6170,45.7147,2018-01-19 06:15:16.448Z,Ax = -0.0044	Ay = -0.0012	Az = -0.2800	ypr = (45.7147   -0.6170   -9.7673)
-0.1216,-0.0862,-19.666762929,-9.9271,-0.7151,45.8220,2018-01-19 06:15:16.548Z,Ax = -0.0031	Ay = -0.0013	Az = -0.2804	ypr = (45.8220   -0.7151   -9.9271)
-0.1489,-0.0735,-19.617720879,-10.1179,-0.9296,45.9114,2018-01-19 06:15:16.647Z,Ax = -0.0016	Ay = -0.0012	Az = -0.2792	ypr = (45.9114   -0.9296   -10.1179)
-0.2210,-0.1955,-19.936762117,-11.2676,-0.7403,45.9237,2018-01-19 06:15:16.748Z,Ax = -0.0020	Ay = -0.0020	Az = -0.2809	ypr = (45.9237   -0.7403   -11.2676)
-0.1866,-0.0256,-20.042309827,-11.7722,-1.1829,45.5789,2018-01-19 06:15:16.846Z,Ax = -0.0027	Ay = -0.0012	Az = -0.2832	ypr = (45.5789   -1.1829   -11.7722)
-0.2826,0.0219,-19.429888317,-11.6553,-0.6686,45.6750,2018-01-19 06:15:16.947Z,Ax = -0.0037	Ay = -0.0006	Az = -0.2806	ypr = (45.6750   -0.6686   -11.6553)
-0.2722,-0.0441,-20.009399457,-11.7434,-0.6524,45.7295,2018-01-19 06:15:17.046Z,Ax = -0.0038	Ay = -0.0001	Az = -0.2823	ypr = (45.7295   -0.6524   -11.7434)
-0.0257,-0.0010,-19.970147635,-9.1555,-1.2609,44.8743,2018-01-19 06:15:17.148Z,Ax = -0.0022	Ay = 0.0003	Az = -0.2816	ypr = (44.8743   -1.2609   -9.1555)
-0.2943,-0.0274,-19.367321384,-4.7129,-0.7588,46.2194,2018-01-19 06:15:17.247Z,Ax = -0.0030	Ay = -0.0003	Az = -0.2793	ypr = (46.2194   -0.7588   -4.7129)
0.7239,-0.7884,-19.609266406,-4.7989,-3.1285,44.3152,2018-01-19 06:15:17.347Z,Ax = 0.0045	Ay = -0.0061	Az = -0.2790	ypr = (44.3152   -3.1285   -4.7989)
-0.2104,0.0625,-19.467217837,-1.9381,-0.4466,45.7727,2018-01-19 06:15:17.448Z,Ax = 0.0013	Ay = -0.0034	Az = -0.2757	ypr = (45.7727   -0.4466   -1.9381)
-0.2675,0.0094,-19.090737718,3.1122,0.7969,46.7643,2018-01-19 06:15:17.547Z,Ax = 0.0002	Ay = -0.0029	Az = -0.2731	ypr = (46.7643   0.7969   3.1122)
-1.0720,0.2518,-19.878920362,-2.8513,0.5213,45.6857,2018-01-19 06:15:17.646Z,Ax = -0.0101	Ay = 0.0026	Az = -0.2779	ypr = (45.6857   0.5213   -2.8513)
-0.5163,-0.2848,-19.559338155,-3.7056,0.1336,43.8890,2018-01-19 06:15:17.744Z,Ax = -0.0115	Ay = 0.0006	Az = -0.2777	ypr = (43.8890   0.1336   -3.7056)
-0.6471,-0.0097,-19.452898816,-3.0032,0.3443,44.6833,2018-01-19 06:15:17.844Z,Ax = -0.0116	Ay = -0.0003	Az = -0.2786	ypr = (44.6833   0.3443   -3.0032)
-0.4494,0.0116,-19.353284374,-1.7067,0.1961,45.2633,2018-01-19 06:15:17.945Z,Ax = -0.0073	Ay = -0.0016	Az = -0.2765	ypr = (45.2633   0.1961   -1.7067)
-0.5639,-0.1059,-19.678399994,-1.3575,-0.7833,45.2832,2018-01-19 06:15:18.045Z,Ax = -0.0068	Ay = -0.0011	Az = -0.2768	ypr = (45.2832   -0.7833   -1.3575)
-0.2477,0.0928,-19.290810117,-1.5186,-0.7714,45.5745,2018-01-19 06:15:18.147Z,Ax = -0.0051	Ay = 0.0008	Az = -0.2753	ypr = (45.5745   -0.7714   -1.5186)
-0.1205,0.3717,-18.961480385,1.1015,-2.2789,45.2329,2018-01-19 06:15:18.246Z,Ax = -0.0033	Ay = 0.0029	Az = -0.2730	ypr = (45.2329   -2.2789   1.1015)
-0.0339,-0.3939,-19.493339610,2.3554,-2.0180,45.7700,2018-01-19 06:15:18.347Z,Ax = -0.0007	Ay = -0.0009	Az = -0.2737	ypr = (45.7700   -2.0180   2.3554)
-0.1056,0.0274,-19.368884121,2.5169,-1.3097,46.4644,2018-01-19 06:15:18.445Z,Ax = -0.0003	Ay = -0.0000	Az = -0.2734	ypr = (46.4644   -1.3097   2.5169)
0.0196,-0.1698,-18.278762189,3.4606,-2.5749,45.4554,2018-01-19 06:15:18.549Z,Ax = -0.0000	Ay = -0.0031	Az = -0.2677	ypr = (45.4554   -2.5749   3.4606)
0.2605,-0.1452,-19.391080667,2.1704,-2.4630,45.3547,2018-01-19 06:15:18.646Z,Ax = 0.0017	Ay = -0.0024	Az = -0.2708	ypr = (45.3547   -2.4630   2.1704)
0.1617,-0.7126,-20.107522939,0.3093,-3.3264,45.0103,2018-01-19 06:15:18.746Z,Ax = 0.0027	Ay = -0.0061	Az = -0.2760	ypr = (45.0103   -3.3264   0.3093)
0.4324,-0.3250,-20.295823599,1.2847,-2.9475,45.3589,2018-01-19 06:15:18.848Z,Ax = 0.0053	Ay = -0.0062	Az = -0.2861	ypr = (45.3589   -2.9475   1.2847)
-0.3228,-0.0361,-18.703557080,1.9658,-0.7123,44.9735,2018-01-19 06:15:18.946Z,Ax = 0.0002	Ay = -0.0046	Az = -0.2800	ypr = (44.9735   -0.7123   1.9658)
-0.3485,0.0023,-19.532891845,1.4964,-0.3826,44.6163,2018-01-19 06:15:19.048Z,Ax = -0.0030	Ay = -0.0009	Az = -0.2769	ypr = (44.6163   -0.3826   1.4964)
-0.4867,0.0918,-18.937503065,1.3529,-0.1909,44.7108,2018-01-19 06:15:19.148Z,Ax = -0.0073	Ay = 0.0021	Az = -0.2675	ypr = (44.7108   -0.1909   1.3529)
-0.1949,0.1214,-19.256869041,1.8236,-0.6646,45.0812,2018-01-19 06:15:19.247Z,Ax = -0.0059	Ay = 0.0021	Az = -0.2712	ypr = (45.0812   -0.6646   1.8236)
-0.3930,-0.0037,-19.004822372,1.3562,-0.8113,45.0990,2018-01-19 06:15:19.346Z,Ax = -0.0052	Ay = 0.0008	Az = -0.2715	ypr = (45.0990   -0.8113   1.3562)
-0.6513,-0.0142,-19.149192343,0.7676,0.0159,45.3495,2018-01-19 06:15:19.447Z,Ax = -0.0065	Ay = 0.0002	Az = -0.2716	ypr = (45.3495   0.0159   0.7676)
-0.3792,0.0464,-19.586301313,1.1830,-0.2300,45.6836,2018-01-19 06:15:19.546Z,Ax = -0.0067	Ay = 0.0001	Az = -0.2745	ypr = (45.6836   -0.2300   1.1830)
-0.2718,0.2339,-19.045729980,1.3389,-0.0627,45.8698,2018-01-19 06:15:19.646Z,Ax = -0.0061	Ay = 0.0017	Az = -0.2734	ypr = (45.8698   -0.0627   1.3389)
-0.4647,0.1132,-19.112130769,1.2946,-0.4103,45.7424,2018-01-19 06:15:19.750Z,Ax = -0.0054	Ay = 0.0022	Az = -0.2734	ypr = (45.7424   -0.4103   1.2946)
-0.4517,0.1495,-19.257840409,2.9394,-0.4024,45.8903,2018-01-19 06:15:19.844Z,Ax = -0.0053	Ay = 0.0027	Az = -0.2720	ypr = (45.8903   -0.4024   2.9394)
-0.2846,0.5370,-19.400623695,3.1021,-0.9404,45.9202,2018-01-19 06:15:19.949Z,Ax = -0.0054	Ay = 0.0050	Az = -0.2734	ypr = (45.9202   -0.9404   3.1021)
0.2056,0.6893,-18.732795349,3.9013,-2.8029,46.0022,2018-01-19 06:15:20.050Z,Ax = -0.0012	Ay = 0.0079	Az = -0.2707	ypr = (46.0022   -2.8029   3.9013)
-0.0190,-0.0558,-19.872459441,3.6627,-3.5280,46.8557,2018-01-19 06:15:20.146Z,Ax = 0.0008	Ay = 0.0049	Az = -0.2767	ypr = (46.8557   -3.5280   3.6627)
0.3267,-0.6221,-19.393351927,3.9101,-4.4587,47.1464,2018-01-19 06:15:20.248Z,Ax = 0.0043	Ay = -0.0025	Az = -0.2752	ypr = (47.1464   -4.4587   3.9101)
-0.4113,-0.6252,-18.077435066,5.6749,-2.9810,47.0809,2018-01-19 06:15:20.347Z,Ax = -0.0012	Ay = -0.0094	Az = -0.2678	ypr = (47.0809   -2.9810   5.6749)
0.2967,-1.0233,-19.122592089,3.8767,-4.1198,46.5855,2018-01-19 06:15:20.449Z,Ax = 0.0011	Ay = -0.0148	Az = -0.2680	ypr = (46.5855   -4.1198   3.8767)
0.0052,-0.2885,-18.235087212,2.9235,-3.8275,46.7162,2018-01-19 06:15:20.548Z,Ax = -0.0005	Ay = -0.0093	Az = -0.2593	ypr = (46.7162   -3.8275   2.9235)
0.5438,-0.8950,-18.727875124,2.6557,-5.0948,46.9023,2018-01-19 06:15:20.645Z,Ax = 0.0051	Ay = -0.0106	Az = -0.2639	ypr = (46.9023   -5.0948   2.6557)
0.5867,-1.2296,-18.921620316,3.4192,-3.8017,47.1141,2018-01-19 06:15:20.747Z,Ax = 0.0076	Ay = -0.0130	Az = -0.2667	ypr = (47.1141   -3.8017   3.4192)
0.3395,-0.7223,-18.374217487,5.3508,-2.3017,47.5345,2018-01-19 06:15:20.846Z,Ax = 0.0073	Ay = -0.0132	Az = -0.2643	ypr = (47.5345   -2.3017   5.3508)
0.1760,-0.8002,-18.973532389,5.5597,-1.4063,47.9411,2018-01-19 06:15:20.948Z,Ax = 0.0049	Ay = -0.0136	Az = -0.2673	ypr = (47.9411   -1.4063   5.5597)
0.2551,-0.4918,-19.716599003,5.0439,-1.3835,47.4667,2018-01-19 06:15:21.047Z,Ax = 0.0030	Ay = -0.0085	Az = -0.2733	ypr = (47.4667   -1.3835   5.0439)
-0.0708,-0.5358,-19.511239839,4.5523,-0.5992,47.2650,2018-01-19 06:15:21.146Z,Ax = 0.0001	Ay = -0.0069	Az = -0.2775	ypr = (47.2650   -0.5992   4.5523)
0.1298,0.2949,-19.411309965,1.3752,0.2294,46.7291,2018-01-19 06:15:21.248Z,Ax = 0.0010	Ay = -0.0007	Az = -0.2796	ypr = (46.7291   0.2294   1.3752)
0.5345,-1.9843,-18.181892123,-19.9052,-3.9085,46.0680,2018-01-19 06:15:21.347Z,Ax = 0.0040	Ay = -0.0142	Az = -0.2678	ypr = (46.0680   -3.9085   -19.9052)
-0.9558,-6.2045,-17.072829505,-43.4291,-10.7374,46.0692,2018-01-19 06:15:21.444Z,Ax = -0.0044	Ay = -0.0537	Az = -0.2513	ypr = (46.0692   -10.7374   -43.4291)
-1.6334,-7.0951,-19.728724959,-66.8555,-10.6996,42.3664,2018-01-19 06:15:21.546Z,Ax = -0.0147	Ay = -0.0911	Az = -0.2610	ypr = (42.3664   -10.6996   -66.8555)
-1.7283,-4.7942,-19.499556679,-89.7658,-8.1482,42.7845,2018-01-19 06:15:21.650Z,Ax = -0.0254	Ay = -0.0963	Az = -0.2690	ypr = (42.7845   -8.1482   -89.7658)
-1.6573,-3.9888,-20.489170155,-103.2976,-10.2261,39.1573,2018-01-19 06:15:21.746Z,Ax = -0.0283	Ay = -0.0764	Az = -0.2892	ypr = (39.1573   -10.2261   -103.2976)
-1.6858,-3.9924,-19.713929645,-110.4756,-10.5113,33.2077,2018-01-19 06:15:21.848Z,Ax = -0.0254	Ay = -0.0532	Az = -0.2882	ypr = (33.2077   -10.5113   -110.4756)
-0.8799,-3.4609,-21.119011763,-108.7254,-8.5780,27.7044,2018-01-19 06:15:21.945Z,Ax = -0.0173	Ay = -0.0453	Az = -0.2939	ypr = (27.7044   -8.5780   -108.7254)
-0.5493,-4.3886,-20.328969912,-95.7024,-6.8418,21.5919,2018-01-19 06:15:22.048Z,Ax = -0.0113	Ay = -0.0561	Az = -0.2906	ypr = (21.5919   -6.8418   -95.7024)
0.1112,-4.9362,-20.594055723,-69.4338,-4.0694,15.7028,2018-01-19 06:15:22.148Z,Ax = -0.0018	Ay = -0.0645	Az = -0.2944	ypr = (15.7028   -4.0694   -69.4338)
-1.6571,-4.2657,-19.271635771,-49.7516,-2.3163,20.6630,2018-01-19 06:15:22.247Z,Ax = -0.0105	Ay = -0.0649	Az = -0.2829	ypr = (20.6630   -2.3163   -49.7516)
-1.9062,-4.4615,-16.085690513,-31.6999,-0.5925,23.6753,2018-01-19 06:15:22.345Z,Ax = -0.0199	Ay = -0.0659	Az = -0.2514	ypr = (23.6753   -0.5925   -31.6999)
0.2035,-2.1518,-19.999556271,-19.3811,-2.1460,24.5152,2018-01-19 06:15:22.445Z,Ax = -0.0141	Ay = -0.0456	Az = -0.2603	ypr = (24.5152   -2.1460   -19.3811)
-1.9220,-2.3731,-19.928965422,-4.9209,-2.6447,27.8989,2018-01-19 06:15:22.549Z,Ax = -0.0208	Ay = -0.0354	Az = -0.2668	ypr = (27.8989   -2.6447   -4.9209)
-1.9770,-2.9731,-19.636891912,1.3166,-0.8505,29.9516,2018-01-19 06:15:22.650Z,Ax = -0.0193	Ay = -0.0325	Az = -0.2845	ypr = (29.9516   -0.8505   1.3166)
-2.1898,-2.0357,-19.205881343,3.5953,1.4274,32.8122,2018-01-19 06:15:22.745Z,Ax = -0.0301	Ay = -0.0306	Az = -0.2839	ypr = (32.8122   1.4274   3.5953)
-3.5584,-1.0098,-19.844693670,3.6844,3.0792,34.4010,2018-01-19 06:15:22.848Z,Ax = -0.0453	Ay = -0.0248	Az = -0.2782	ypr = (34.4010   3.0792   3.6844)
-3.4610,0.8991,-19.792889992,3.8003,0.9983,34.9540,2018-01-19 06:15:22.946Z,Ax = -0.0487	Ay = -0.0014	Az = -0.2771	ypr = (34.9540   0.9983   3.8003)
-2.9181,1.2603,-19.887600253,2.4099,-1.9297,35.5333,2018-01-19 06:15:23.046Z,Ax = -0.0479	Ay = 0.0165	Az = -0.2830	ypr = (35.5333   -1.9297   2.4099)
-3.0792,-0.7274,-20.964672987,6.8098,-1.1280,37.3498,2018-01-19 06:15:23.147Z,Ax = -0.0459	Ay = 0.0091	Az = -0.2921	ypr = (37.3498   -1.1280   6.8098)
-4.1548,-1.1744,-20.202321778,32.5898,-0.0628,39.9239,2018-01-19 06:15:23.249Z,Ax = -0.0502	Ay = -0.0063	Az = -0.2901	ypr = (39.9239   -0.0628   32.5898)
-2.5681,0.0832,-16.672634421,60.7545,2.2247,40.5695,2018-01-19 06:15:23.349Z,Ax = -0.0441	Ay = -0.0110	Az = -0.2642	ypr = (40.5695   2.2247   60.7545)
-1.9669,2.4573,-17.443799077,90.6052,9.1467,34.8782,2018-01-19 06:15:23.450Z,Ax = -0.0378	Ay = 0.0115	Az = -0.2493	ypr = (34.8782   9.1467   90.6052)
-2.8453,5.4759,-18.260233220,110.2187,11.1457,27.1125,2018-01-19 06:15:23.550Z,Ax = -0.0341	Ay = 0.0556	Az = -0.2427	ypr = (27.1125   11.1457   110.2187)
-3.4843,2.6572,-18.057016367,114.7429,8.7161,23.2406,2018-01-19 06:15:23.646Z,Ax = -0.0390	Ay = 0.0599	Az = -0.2512	ypr = (23.2406   8.7161   114.7429)
-3.0571,0.9025,-17.671726307,113.3480,6.6619,21.0729,2018-01-19 06:15:23.750Z,Ax = -0.0458	Ay = 0.0410	Az = -0.2579	ypr = (21.0729   6.6619   113.3480)
-3.2602,0.3122,-18.260801669,111.7604,5.1535,17.0613,2018-01-19 06:15:23.848Z,Ax = -0.0496	Ay = 0.0097	Az = -0.2583	ypr = (17.0613   5.1535   111.7604)
-2.4085,1.9920,-18.760073491,107.1186,2.9577,12.7998,2018-01-19 06:15:23.946Z,Ax = -0.0398	Ay = 0.0080	Az = -0.2600	ypr = (12.7998   2.9577   107.1186)
-1.8428,2.0512,-18.219407375,91.8297,-0.5504,10.1124,2018-01-19 06:15:24.049Z,Ax = -0.0306	Ay = 0.0207	Az = -0.2618	ypr = (10.1124   -0.5504   91.8297)
-1.6671,-0.9330,-17.609899332,70.3244,-5.8861,11.2689,2018-01-19 06:15:24.149Z,Ax = -0.0242	Ay = 0.0109	Az = -0.2581	ypr = (11.2689   -5.8861   70.3244)
-1.2338,-4.3477,-18.879025103,47.2615,-12.4817,11.0916,2018-01-19 06:15:24.247Z,Ax = -0.0182	Ay = -0.0299	Az = -0.2605	ypr = (11.0916   -12.4817   47.2615)
0.3918,-5.6839,-19.707084653,24.0504,-17.2421,12.2203,2018-01-19 06:15:24.349Z,Ax = -0.0046	Ay = -0.0732	Az = -0.2691	ypr = (12.2203   -17.2421   24.0504)
1.5487,-5.3992,-19.499979951,8.9460,-18.9003,13.3516,2018-01-19 06:15:24.447Z,Ax = 0.0125	Ay = -0.0904	Az = -0.2787	ypr = (13.3516   -18.9003   8.9460)
1.1364,-4.5724,-19.571345943,5.1741,-17.4551,16.1038,2018-01-19 06:15:24.548Z,Ax = 0.0213	Ay = -0.0799	Az = -0.2827	ypr = (16.1038   -17.4551   5.1741)
0.5927,-3.6647,-19.294442199,5.0366,-15.3915,18.9027,2018-01-19 06:15:24.648Z,Ax = 0.0186	Ay = -0.0601	Az = -0.2769	ypr = (18.9027   -15.3915   5.0366)
0.0397,-3.4223,-19.558053168,4.4542,-13.8276,21.3988,2018-01-19 06:15:24.748Z,Ax = 0.0062	Ay = -0.0487	Az = -0.2756	ypr = (21.3988   -13.8276   4.4542)
-0.0146,-3.0783,-19.228010440,2.9603,-13.0692,23.3414,2018-01-19 06:15:24.848Z,Ax = -0.0015	Ay = -0.0430	Az = -0.2742	ypr = (23.3414   -13.0692   2.9603)
0.1325,-2.7740,-18.085746799,3.3032,-11.6096,25.7386,2018-01-19 06:15:24.947Z,Ax = -0.0015	Ay = -0.0400	Az = -0.2656	ypr = (25.7386   -11.6096   3.3032)
-0.0210,-2.6517,-19.085956275,2.3092,-12.1911,27.4013,2018-01-19 06:15:25.048Z,Ax = -0.0003	Ay = -0.0377	Az = -0.2661	ypr = (27.4013   -12.1911   2.3092)
-0.6775,-2.2487,-20.620834653,2.3310,-11.7423,29.3614,2018-01-19 06:15:25.148Z,Ax = -0.0046	Ay = -0.0336	Az = -0.2773	ypr = (29.3614   -11.7423   2.3310)
-1.0206,-1.1378,-19.077050931,4.4284,-9.4157,31.6909,2018-01-19 06:15:25.249Z,Ax = -0.0111	Ay = -0.0236	Az = -0.2788	ypr = (31.6909   -9.4157   4.4284)
-1.8655,-1.9510,-19.914324652,6.9743,-7.8599,33.8383,2018-01-19 06:15:25.348Z,Ax = -0.0221	Ay = -0.0232	Az = -0.2858	ypr = (33.8383   -7.8599   6.9743)
-1.6382,-0.3448,-19.472506582,12.1731,-4.8587,35.8417,2018-01-19 06:15:25.448Z,Ax = -0.0253	Ay = -0.0109	Az = -0.2775	ypr = (35.8417   -4.8587   12.1731)
-3.4437,0.1477,-18.628228145,10.0521,0.6414,34.7872,2018-01-19 06:15:25.549Z,Ax = -0.0397	Ay = -0.0040	Az = -0.2696	ypr = (34.7872   0.6414   10.0521)
-5.6374,2.9698,-19.309748339,2.2448,8.4013,37.1922,2018-01-19 06:15:25.648Z,Ax = -0.0629	Ay = 0.0245	Az = -0.2714	ypr = (37.1922   8.4013   2.2448)
-8.0767,5.2682,-12.284402874,1.9982,27.7430,37.3290,2018-01-19 06:15:25.747Z,Ax = -0.0982	Ay = 0.0582	Az = -0.2184	ypr = (37.3290   27.7430   1.9982)
-8.0515,2.6645,-2.910343112,-2.2778,43.1612,34.2385,2018-01-19 06:15:25.851Z,Ax = -0.1186	Ay = 0.0591	Az = -0.1167	ypr = (34.2385   43.1612   -2.2778)
-7.9573,1.8576,-0.976011853,-10.5856,48.0808,29.6464,2018-01-19 06:15:25.945Z,Ax = -0.1236	Ay = 0.0467	Az = -0.0282	ypr = (29.6464   48.0808   -10.5856)
-7.4446,0.4238,-1.805740598,-19.9042,44.4294,25.1168,2018-01-19 06:15:26.047Z,Ax = -0.1131	Ay = 0.0149	Az = 0.0116	ypr = (25.1168   44.4294   -19.9042)
-8.5745,0.4458,-2.617184524,-29.7579,36.2363,21.3848,2018-01-19 06:15:26.149Z,Ax = -0.1141	Ay = 0.0011	Az = -0.0083	ypr = (21.3848   36.2363   -29.7579)
-9.0000,0.1855,-4.064989460,-39.3782,27.1228,18.3011,2018-01-19 06:15:26.248Z,Ax = -0.1211	Ay = -0.0009	Az = -0.0478	ypr = (18.3011   27.1228   -39.3782)
-9.9604,-0.3265,-5.732340805,-48.3452,19.1041,15.8160,2018-01-19 06:15:26.346Z,Ax = -0.1363	Ay = -0.0022	Az = -0.0736	ypr = (15.8160   19.1041   -48.3452)
-10.6158,-0.8261,-7.510408320,-56.5372,11.0047,13.3673,2018-01-19 06:15:26.448Z,Ax = -0.1477	Ay = -0.0080	Az = -0.0958	ypr = (13.3673   11.0047   -56.5372)
-11.1821,-0.3586,-10.756364992,-63.8228,-2.0355,11.5334,2018-01-19 06:15:26.548Z,Ax = -0.1568	Ay = -0.0091	Az = -0.1339	ypr = (11.5334   -2.0355   -63.8228)
-6.5307,3.4067,-18.291171662,-64.0953,-29.4526,13.2578,2018-01-19 06:15:26.647Z,Ax = -0.1259	Ay = 0.0201	Az = -0.2113	ypr = (13.2578   -29.4526   -64.0953)
1.0845,4.6081,-17.104775168,-58.5490,-52.7070,15.7520,2018-01-19 06:15:26.749Z,Ax = -0.0467	Ay = 0.0511	Az = -0.2483	ypr = (15.7520   -52.7070   -58.5490)
6.2484,4.6241,-13.639293216,-51.8717,-71.8145,15.8204,2018-01-19 06:15:26.848Z,Ax = 0.0506	Ay = 0.0735	Az = -0.2424	ypr = (15.8204   -71.8145   -51.8717)
8.9349,4.4766,-10.548960593,-48.8994,-82.0146,15.8928,2018-01-19 06:15:26.947Z,Ax = 0.1267	Ay = 0.0745	Az = -0.1874	ypr = (15.8928   -82.0146   -48.8994)
9.2659,3.2962,-10.679166956,-45.9868,-78.0769,17.9602,2018-01-19 06:15:27.049Z,Ax = 0.1509	Ay = 0.0568	Az = -0.1446	ypr = (17.9602   -78.0769   -45.9868)
9.0844,2.2735,-11.708314157,-43.0972,-70.7162,20.5812,2018-01-19 06:15:27.148Z,Ax = 0.1437	Ay = 0.0398	Az = -0.1433	ypr = (20.5812   -70.7162   -43.0972)
9.3076,1.7774,-13.297531995,-40.6371,-63.4796,22.8191,2018-01-19 06:15:27.250Z,Ax = 0.1346	Ay = 0.0274	Az = -0.1722	ypr = (22.8191   -63.4796   -40.6371)
6.3093,1.2484,-15.563354054,-31.9540,-50.6993,24.5917,2018-01-19 06:15:27.349Z,Ax = 0.1088	Ay = 0.0179	Az = -0.2071	ypr = (24.5917   -50.6993   -31.9540)
7.2030,0.3862,-14.948784800,-37.1272,-51.8260,27.4379,2018-01-19 06:15:27.448Z,Ax = 0.1016	Ay = 0.0090	Az = -0.2180	ypr = (27.4379   -51.8260   -37.1272)
7.5712,0.6062,-15.785593046,-35.9901,-47.2371,29.3451,2018-01-19 06:15:27.550Z,Ax = 0.0964	Ay = 0.0067	Az = -0.2274	ypr = (29.3451   -47.2371   -35.9901)
13.2634,2.8227,-16.198833495,-31.8291,-44.0167,32.1781,2018-01-19 06:15:27.647Z,Ax = 0.1457	Ay = 0.0221	Az = -0.2285	ypr = (32.1781   -44.0167   -31.8291)
9.8691,0.6297,-17.455689345,-28.0076,-40.9643,31.6438,2018-01-19 06:15:27.749Z,Ax = 0.1553	Ay = 0.0187	Az = -0.2395	ypr = (31.6438   -40.9643   -28.0076)
8.0277,-1.8346,-14.960368717,-26.9670,-46.3414,32.2605,2018-01-19 06:15:27.848Z,Ax = 0.1478	Ay = 0.0003	Az = -0.2290	ypr = (32.2605   -46.3414   -26.9670)
8.1726,-3.9971,-10.778266477,-29.9877,-58.3001,30.3422,2018-01-19 06:15:27.949Z,Ax = 0.1204	Ay = -0.0386	Az = -0.1897	ypr = (30.3422   -58.3001   -29.9877)
10.3150,-3.1864,-5.407311000,-45.8301,-65.0686,31.8415,2018-01-19 06:15:28.050Z,Ax = 0.1205	Ay = -0.0571	Az = -0.1165	ypr = (31.8415   -65.0686   -45.8301)
5.2290,-4.8322,-3.459966433,-47.2704,-71.4315,32.6056,2018-01-19 06:15:28.151Z,Ax = 0.1002	Ay = -0.0694	Az = -0.0569	ypr = (32.6056   -71.4315   -47.2704)
3.4570,-3.6128,1.492642062,-46.6060,-81.2846,23.9560,2018-01-19 06:15:28.250Z,Ax = 0.0774	Ay = -0.0575	Az = 0.0052	ypr = (23.9560   -81.2846   -46.6060)
1.4948,-2.7383,-0.493304796,-48.9585,-79.4748,11.3436,2018-01-19 06:15:28.348Z,Ax = 0.0299	Ay = -0.0485	Az = 0.0109	ypr = (11.3436   -79.4748   -48.9585)
1.4629,-4.3063,-2.519866752,-54.0650,-70.9694,3.5992,2018-01-19 06:15:28.451Z,Ax = 0.0097	Ay = -0.0523	Az = -0.0046	ypr = (3.5992   -70.9694   -54.0650)
2.9669,-4.6172,-3.458853982,-61.7173,-60.0285,-0.5784,2018-01-19 06:15:28.550Z,Ax = 0.0238	Ay = -0.0567	Az = -0.0358	ypr = (-0.5784   -60.0285   -61.7173)
4.8784,-3.7483,-4.453569649,-69.6824,-49.1747,-3.1644,2018-01-19 06:15:28.649Z,Ax = 0.0524	Ay = -0.0599	Az = -0.0638	ypr = (-3.1644   -49.1747   -69.6824)
6.7157,-2.6805,-5.625450521,-77.0897,-37.4031,-5.2803,2018-01-19 06:15:28.749Z,Ax = 0.0834	Ay = -0.0508	Az = -0.0777	ypr = (-5.2803   -37.4031   -77.0897)
8.7034,-0.4227,-7.546323589,-83.1002,-19.1630,-6.2339,2018-01-19 06:15:28.847Z,Ax = 0.1141	Ay = -0.0219	Az = -0.0954	ypr = (-6.2339   -19.1630   -83.1002)
6.5646,4.1132,-12.542415506,-75.6440,11.1307,-3.9359,2018-01-19 06:15:28.949Z,Ax = 0.1120	Ay = 0.0288	Az = -0.1451	ypr = (-3.9359   11.1307   -75.6440)
1.6987,5.0302,-13.845611324,-63.0816,37.1372,-5.0714,2018-01-19 06:15:29.051Z,Ax = 0.0686	Ay = 0.0644	Az = -0.1859	ypr = (-5.0714   37.1372   -63.0816)
-2.9437,4.8122,-11.206949638,-66.2324,57.2499,-2.6643,2018-01-19 06:15:29.152Z,Ax = -0.0037	Ay = 0.0826	Az = -0.1899	ypr = (-2.6643   57.2499   -66.2324)
-5.3186,6.3267,-8.982103637,-62.2290,64.2593,-1.2438,2018-01-19 06:15:29.249Z,Ax = -0.0674	Ay = 0.0904	Az = -0.1590	ypr = (-1.2438   64.2593   -62.2290)
-5.6407,7.7705,-11.418507222,-55.4817,53.3573,0.4770,2018-01-19 06:15:29.348Z,Ax = -0.0942	Ay = 0.0984	Az = -0.1451	ypr = (0.4770   53.3573   -55.4817)
-4.1483,8.1508,-14.135198717,-51.0925,44.1819,2.6890,2018-01-19 06:15:29.447Z,Ax = -0.0816	Ay = 0.1125	Az = -0.1665	ypr = (2.6890   44.1819   -51.0925)
-4.4180,7.2798,-15.468134931,-47.9523,37.4123,7.2189,2018-01-19 06:15:29.550Z,Ax = -0.0672	Ay = 0.1150	Az = -0.2078	ypr = (7.2189   37.4123   -47.9523)
-4.4393,8.2673,-17.048800856,-49.7188,32.0659,11.4796,2018-01-19 06:15:29.650Z,Ax = -0.0586	Ay = 0.1161	Az = -0.2414	ypr = (11.4796   32.0659   -49.7188)
-2.8846,6.8491,-16.141030799,-45.4454,31.7875,16.3156,2018-01-19 06:15:29.746Z,Ax = -0.0491	Ay = 0.1027	Az = -0.2407	ypr = (16.3156   31.7875   -45.4454)
-2.8147,6.3240,-16.877386214,-42.2379,28.5735,19.6262,2018-01-19 06:15:29.847Z,Ax = -0.0438	Ay = 0.0961	Az = -0.2411	ypr = (19.6262   28.5735   -42.2379)
-1.7512,6.3918,-17.311325297,-39.8785,25.6890,21.9541,2018-01-19 06:15:29.949Z,Ax = -0.0286	Ay = 0.0901	Az = -0.2419	ypr = (21.9541   25.6890   -39.8785)
-1.9421,5.7954,-16.839652796,-34.4892,23.8897,25.0495,2018-01-19 06:15:30.048Z,Ax = -0.0248	Ay = 0.0826	Az = -0.2419	ypr = (25.0495   23.8897   -34.4892)
-1.3443,5.8443,-17.636451528,-34.4471,21.7160,30.9445,2018-01-19 06:15:30.148Z,Ax = -0.0202	Ay = 0.0824	Az = -0.2480	ypr = (30.9445   21.7160   -34.4471)
-0.6130,6.4994,-17.633092251,-32.3588,21.5895,36.0958,2018-01-19 06:15:30.250Z,Ax = -0.0139	Ay = 0.0870	Az = -0.2488	ypr = (36.0958   21.5895   -32.3588)
-0.6001,6.0162,-18.052970239,-30.9277,20.5261,41.4879,2018-01-19 06:15:30.349Z,Ax = -0.0088	Ay = 0.0868	Az = -0.2543	ypr = (41.4879   20.5261   -30.9277)
-1.3429,6.7364,-17.886281389,-26.8496,20.9254,48.9941,2018-01-19 06:15:30.449Z,Ax = -0.0114	Ay = 0.0932	Az = -0.2558	ypr = (48.9941   20.9254   -26.8496)
-0.3479,5.8478,-17.636665039,-21.4887,20.0614,60.7505,2018-01-19 06:15:30.547Z,Ax = -0.0089	Ay = 0.0880	Az = -0.2537	ypr = (60.7505   20.0614   -21.4887)
3.2689,4.7692,-16.750721004,-21.1765,21.7472,80.9890,2018-01-19 06:15:30.649Z,Ax = 0.0183	Ay = 0.0774	Az = -0.2444	ypr = (80.9890   21.7472   -21.1765)
3.9912,2.5410,-16.757720902,-24.7585,17.0994,94.1707,2018-01-19 06:15:30.746Z,Ax = 0.0461	Ay = 0.0520	Az = -0.2386	ypr = (94.1707   17.0994   -24.7585)
4.4506,2.5526,-18.841253918,-25.9118,13.1081,103.3310,2018-01-19 06:15:30.849Z,Ax = 0.0695	Ay = 0.0361	Az = -0.2510	ypr = (103.3310   13.1081   -25.9118)
3.3828,2.1586,-18.846477150,-26.3839,10.6478,105.8066,2018-01-19 06:15:30.950Z,Ax = 0.0631	Ay = 0.0258	Az = -0.2624	ypr = (105.8066   10.6478   -26.3839)
3.1524,2.1157,-19.015029109,-25.7509,9.0049,103.8327,2018-01-19 06:15:31.049Z,Ax = 0.0500	Ay = 0.0272	Az = -0.2740	ypr = (103.8327   9.0049   -25.7509)
3.7991,1.0581,-18.319456431,-24.0445,8.5014,96.8777,2018-01-19 06:15:31.149Z,Ax = 0.0472	Ay = 0.0218	Az = -0.2687	ypr = (96.8777   8.5014   -24.0445)
3.5727,2.9103,-19.041178805,-19.9942,8.4424,82.3362,2018-01-19 06:15:31.248Z,Ax = 0.0488	Ay = 0.0305	Az = -0.2670	ypr = (82.3362   8.4424   -19.9942)
1.2358,0.5377,-17.039415635,-15.5253,9.1257,66.9755,2018-01-19 06:15:31.349Z,Ax = 0.0350	Ay = 0.0174	Az = -0.2521	ypr = (66.9755   9.1257   -15.5253)
-0.6839,3.5489,-21.650336650,-16.5991,9.9637,54.4238,2018-01-19 06:15:31.447Z,Ax = 0.0081	Ay = 0.0370	Az = -0.2808	ypr = (54.4238   9.9637   -16.5991)
-3.2909,-0.4058,-18.241019069,-16.3603,6.7441,38.2133,2018-01-19 06:15:31.549Z,Ax = -0.0320	Ay = 0.0134	Az = -0.2704	ypr = (38.2133   6.7441   -16.3603)
-2.2479,2.3558,-18.792358895,-19.0648,5.5357,22.6180,2018-01-19 06:15:31.649Z,Ax = -0.0434	Ay = 0.0250	Az = -0.2766	ypr = (22.6180   5.5357   -19.0648)
-0.9565,1.9258,-19.342560170,-15.9026,0.7713,9.2487,2018-01-19 06:15:31.746Z,Ax = -0.0335	Ay = 0.0209	Az = -0.2703	ypr = (9.2487   0.7713   -15.9026)
0.4616,1.3739,-19.447237309,-10.2950,-2.3219,7.5749,2018-01-19 06:15:31.849Z,Ax = -0.0068	Ay = 0.0239	Az = -0.2699	ypr = (7.5749   -2.3219   -10.2950)
0.4440,1.2541,-18.914720661,-10.2722,-1.0889,10.0970,2018-01-19 06:15:31.947Z,Ax = 0.0094	Ay = 0.0230	Az = -0.2731	ypr = (10.0970   -1.0889   -10.2722)
-0.1998,1.2501,-18.783999856,-10.1988,0.2888,12.5638,2018-01-19 06:15:32.048Z,Ax = 0.0077	Ay = 0.0170	Az = -0.2713	ypr = (12.5638   0.2888   -10.1988)
-0.0880,1.3903,-21.961946715,-12.1116,0.3799,14.7139,2018-01-19 06:15:32.150Z,Ax = 0.0012	Ay = 0.0165	Az = -0.2896	ypr = (14.7139   0.3799   -12.1116)
-0.7640,1.4131,-20.039064451,-8.8766,2.2404,16.3280,2018-01-19 06:15:32.250Z,Ax = -0.0084	Ay = 0.0195	Az = -0.2899	ypr = (16.3280   2.2404   -8.8766)
-1.3699,1.3468,-19.863095471,-8.9299,2.4121,17.9601,2018-01-19 06:15:32.351Z,Ax = -0.0152	Ay = 0.0204	Az = -0.2943	ypr = (17.9601   2.4121   -8.9299)
-1.5135,1.1857,-19.858154302,-7.6326,1.9111,19.1104,2018-01-19 06:15:32.450Z,Ax = -0.0207	Ay = 0.0183	Az = -0.2842	ypr = (19.1104   1.9111   -7.6326)
-0.2488,1.1644,-19.820910688,-5.1408,1.2276,16.9952,2018-01-19 06:15:32.548Z,Ax = -0.0144	Ay = 0.0167	Az = -0.2775	ypr = (16.9952   1.2276   -5.1408)
-0.3597,0.9998,-18.684429533,-3.1301,1.2165,4.6574,2018-01-19 06:15:32.649Z,Ax = -0.0083	Ay = 0.0149	Az = -0.2717	ypr = (4.6574   1.2165   -3.1301)
1.2028,0.1108,-18.283587836,-3.4684,-1.5292,-14.9189,2018-01-19 06:15:32.748Z,Ax = 0.0098	Ay = 0.0076	Az = -0.2654	ypr = (-14.9189   -1.5292   -3.4684)
-1.9209,-1.6407,-21.735728855,-3.4950,-7.9530,-33.4762,2018-01-19 06:15:32.851Z,Ax = -0.0068	Ay = -0.0104	Az = -0.2836	ypr = (-33.4762   -7.9530   -3.4950)
-0.5966,0.1072,-20.167887331,-6.4308,-11.9225,-44.0369,2018-01-19 06:15:32.951Z,Ax = -0.0084	Ay = -0.0095	Az = -0.2873	ypr = (-44.0369   -11.9225   -6.4308)
0.5068,2.9017,-18.443787904,-7.6086,-11.3788,-51.2979,2018-01-19 06:15:33.051Z,Ax = -0.0076	Ay = 0.0134	Az = -0.2840	ypr = (-51.2979   -11.3788   -7.6086)
-0.2620,0.7686,-18.555003890,-8.3334,-7.5930,-50.9055,2018-01-19 06:15:33.150Z,Ax = -0.0031	Ay = 0.0212	Az = -0.2692	ypr = (-50.9055   -7.5930   -8.3334)
0.0379,1.2055,-19.189523440,-7.4037,-7.7198,-45.0783,2018-01-19 06:15:33.248Z,Ax = 0.0048	Ay = 0.0284	Az = -0.2608	ypr = (-45.0783   -7.7198   -7.4037)
-0.0745,0.7669,-19.414101328,-5.9914,-7.9279,-38.4208,2018-01-19 06:15:33.350Z,Ax = 0.0003	Ay = 0.0135	Az = -0.2690	ypr = (-38.4208   -7.9279   -5.9914)
0.1144,0.6692,-19.632323842,-5.6168,-7.7233,-31.7655,2018-01-19 06:15:33.450Z,Ax = -0.0009	Ay = 0.0070	Az = -0.2798	ypr = (-31.7655   -7.7233   -5.6168)
0.4055,0.7630,-19.682294438,-5.2669,-8.6766,-24.5667,2018-01-19 06:15:33.550Z,Ax = 0.0033	Ay = 0.0095	Az = -0.2813	ypr = (-24.5667   -8.6766   -5.2669)
0.6929,0.3867,-20.081717026,-6.6811,-7.4506,-6.6063,2018-01-19 06:15:33.650Z,Ax = 0.0083	Ay = 0.0080	Az = -0.2827	ypr = (-6.6063   -7.4506   -6.6811)
-0.2482,0.0279,-19.570018613,-8.1382,-0.5602,20.2441,2018-01-19 06:15:33.751Z,Ax = 0.0033	Ay = 0.0033	Az = -0.2809	ypr = (20.2441   -0.5602   -8.1382)
-0.1156,1.5917,-18.609845476,-7.8429,-1.3425,44.9189,2018-01-19 06:15:33.854Z,Ax = 0.0002	Ay = 0.0117	Az = -0.2731	ypr = (44.9189   -1.3425   -7.8429)
0.7857,1.2539,-18.607590701,-7.0921,-4.3678,67.1027,2018-01-19 06:15:33.952Z,Ax = 0.0031	Ay = 0.0158	Az = -0.2656	ypr = (67.1027   -4.3678   -7.0921)
0.2778,0.5696,-18.406335721,-6.5888,-4.5895,81.6644,2018-01-19 06:15:34.051Z,Ax = 0.0043	Ay = 0.0165	Az = -0.2594	ypr = (81.6644   -4.5895   -6.5888)
0.3468,0.3047,-19.187088841,-5.5439,-4.8127,85.3226,2018-01-19 06:15:34.149Z,Ax = 0.0078	Ay = 0.0096	Az = -0.2657	ypr = (85.3226   -4.8127   -5.5439)
0.8464,-0.0791,-19.444670831,-4.3650,-5.0914,86.3389,2018-01-19 06:15:34.251Z,Ax = 0.0093	Ay = -0.0004	Az = -0.2729	ypr = (86.3389   -5.0914   -4.3650)
0.3295,0.0217,-20.102804518,-4.8928,-5.3092,83.6046,2018-01-19 06:15:34.349Z,Ax = 0.0063	Ay = -0.0021	Az = -0.2824	ypr = (83.6046   -5.3092   -4.8928)
0.3413,0.3999,-19.974529079,-6.5911,-4.8965,79.0072,2018-01-19 06:15:34.449Z,Ax = 0.0067	Ay = 0.0019	Az = -0.2853	ypr = (79.0072   -4.8965   -6.5911)
0.4132,0.6984,-19.983309268,-6.5200,-3.6841,75.9019,2018-01-19 06:15:34.550Z,Ax = 0.0054	Ay = 0.0071	Az = -0.2861	ypr = (75.9019   -3.6841   -6.5200)
0.0593,1.1046,-18.960257069,-5.1224,-2.4358,70.8018,2018-01-19 06:15:34.652Z,Ax = 0.0021	Ay = 0.0134	Az = -0.2769	ypr = (70.8018   -2.4358   -5.1224)
0.1203,0.9513,-20.591847934,-6.9049,-2.9964,68.4723,2018-01-19 06:15:34.747Z,Ax = 0.0019	Ay = 0.0152	Az = -0.2831	ypr = (68.4723   -2.9964   -6.9049)
-0.3787,0.9967,-20.513041627,-6.6639,-3.4885,66.5097,2018-01-19 06:15:34.848Z,Ax = -0.0026	Ay = 0.0157	Az = -0.2864	ypr = (66.5097   -3.4885   -6.6639)
-1.0851,0.8128,-19.782207109,-6.6892,-3.2965,65.0880,2018-01-19 06:15:34.952Z,Ax = -0.0103	Ay = 0.0130	Az = -0.2881	ypr = (65.0880   -3.2965   -6.6892)
-0.9642,0.8600,-20.452781573,-6.9558,-3.6080,63.1145,2018-01-19 06:15:35.053Z,Ax = -0.0144	Ay = 0.0120	Az = -0.2902	ypr = (63.1145   -3.6080   -6.9558)
-0.6256,0.6148,-19.946518746,-8.3624,-4.5572,60.4477,2018-01-19 06:15:35.148Z,Ax = -0.0139	Ay = 0.0099	Az = -0.2838	ypr = (60.4477   -4.5572   -8.3624)
-0.5361,0.4809,-20.002771911,-8.2163,-5.3166,59.4524,2018-01-19 06:15:35.249Z,Ax = -0.0098	Ay = 0.0080	Az = -0.2843	ypr = (59.4524   -5.3166   -8.2163)
0.4198,0.5147,-19.859959658,-6.5676,-6.0067,56.8512,2018-01-19 06:15:35.353Z,Ax = 0.0006	Ay = 0.0068	Az = -0.2832	ypr = (56.8512   -6.0067   -6.5676)
-0.7543,0.9135,-20.149792258,-7.1492,-6.6284,53.9388,2018-01-19 06:15:35.448Z,Ax = -0.0035	Ay = 0.0095	Az = -0.2841	ypr = (53.9388   -6.6284   -7.1492)
0.3063,0.0387,-19.155427845,-7.5654,-5.8096,53.8637,2018-01-19 06:15:35.548Z,Ax = 0.0016	Ay = 0.0055	Az = -0.2776	ypr = (53.8637   -5.8096   -7.5654)
-0.0616,0.3499,-19.342574881,-8.1817,-5.9394,53.1206,2018-01-19 06:15:35.649Z,Ax = -0.0014	Ay = 0.0056	Az = -0.2758	ypr = (53.1206   -5.9394   -8.1817)
-0.7433,0.6307,-19.756134074,-7.9440,-6.0539,52.8028,2018-01-19 06:15:35.752Z,Ax = -0.0050	Ay = 0.0052	Az = -0.2758	ypr = (52.8028   -6.0539   -7.9440)
-0.8387,1.1396,-19.733699913,-7.6162,-6.6245,52.2303,2018-01-19 06:15:35.851Z,Ax = -0.0091	Ay = 0.0113	Az = -0.2783	ypr = (52.2303   -6.6245   -7.6162)
-0.6224,0.8360,-20.271979352,-8.3043,-6.0711,51.9552,2018-01-19 06:15:35.950Z,Ax = -0.0121	Ay = 0.0142	Az = -0.2856	ypr = (51.9552   -6.0711   -8.3043)
-0.3305,0.0335,-19.345608813,-6.2616,-7.0352,51.5636,2018-01-19 06:15:36.051Z,Ax = -0.0089	Ay = 0.0085	Az = -0.2811	ypr = (51.5636   -7.0352   -6.2616)
-0.0851,0.0348,-19.589590283,-6.8166,-7.9990,50.6422,2018-01-19 06:15:36.151Z,Ax = -0.0029	Ay = 0.0020	Az = -0.2794	ypr = (50.6422   -7.9990   -6.8166)
-0.2637,0.4195,-19.739785587,-6.7557,-7.5855,50.0967,2018-01-19 06:15:36.252Z,Ax = -0.0016	Ay = 0.0007	Az = -0.2775	ypr = (50.0967   -7.5855   -6.7557)